
{
	"sources" : 
	[
		
		{
			"file" : "/Users/bmatern/school/Fall2015/CompGraphics/CompGraphicsFall2015/Hwk2c/BensProgram/binaries/CMakeFiles/glfw"
		},
		
		{
			"file" : "/Users/bmatern/school/Fall2015/CompGraphics/CompGraphicsFall2015/Hwk2c/BensProgram/CMakeLists.txt"
		},
		
		{
			"file" : "/Users/bmatern/school/Fall2015/CompGraphics/CompGraphicsFall2015/Hwk2c/BensProgram/binaries/CMakeFiles/glfw.rule"
		},
		
		{
			"file" : "/Users/bmatern/school/Fall2015/CompGraphics/CompGraphicsFall2015/Hwk2c/BensProgram/binaries/CMakeFiles/CMakeFiles/glfw-complete.rule"
		},
		
		{
			"file" : "/Users/bmatern/school/Fall2015/CompGraphics/CompGraphicsFall2015/Hwk2c/BensProgram/lib/glfw/src/glfw-stamp/CMakeFiles/glfw-install.rule"
		},
		
		{
			"file" : "/Users/bmatern/school/Fall2015/CompGraphics/CompGraphicsFall2015/Hwk2c/BensProgram/lib/glfw/src/glfw-stamp/CMakeFiles/glfw-mkdir.rule"
		},
		
		{
			"file" : "/Users/bmatern/school/Fall2015/CompGraphics/CompGraphicsFall2015/Hwk2c/BensProgram/lib/glfw/src/glfw-stamp/CMakeFiles/glfw-download.rule"
		},
		
		{
			"file" : "/Users/bmatern/school/Fall2015/CompGraphics/CompGraphicsFall2015/Hwk2c/BensProgram/lib/glfw/src/glfw-stamp/CMakeFiles/glfw-update.rule"
		},
		
		{
			"file" : "/Users/bmatern/school/Fall2015/CompGraphics/CompGraphicsFall2015/Hwk2c/BensProgram/lib/glfw/src/glfw-stamp/CMakeFiles/glfw-patch.rule"
		},
		
		{
			"file" : "/Users/bmatern/school/Fall2015/CompGraphics/CompGraphicsFall2015/Hwk2c/BensProgram/lib/glfw/src/glfw-stamp/CMakeFiles/glfw-configure.rule"
		},
		
		{
			"file" : "/Users/bmatern/school/Fall2015/CompGraphics/CompGraphicsFall2015/Hwk2c/BensProgram/lib/glfw/src/glfw-stamp/CMakeFiles/glfw-build.rule"
		}
	],
	"target" : 
	{
		"labels" : [ "glfw" ],
		"name" : "glfw"
	}
}
